ISBN,student_no,borrowed_date_time,delivery_date_time
The Cat in the Hat,Dr. Seuss,978-1-317-80275-8,
Where the Crawdads Sing,Delia Owens,978-1-359-16196-5,
The Naked Ape,Desmond Morris,978-0-395-17632-7,
Charlie and the Chocolate Factory,Roald Dahl,978-1-174-61082-8,
The Secret,Rhonda Byrne,978-2-512-33897-7,
The Secret,Rhonda Byrne,978-2-512-33897-7,
The Cat in the Hat,Dr. Seuss,978-1-317-80275-8,
The Cat in the Hat,Dr. Seuss,978-1-317-80275-8,
The Cat in the Hat,Dr. Seuss,978-1-317-80275-8,
Charlie and the Chocolate Factory,Roald Dahl,978-1-174-61082-8,
The Secret,Rhonda Byrne,978-2-512-33897-7,
The Secret,Rhonda Byrne,978-2-512-33897-7,
The Secret,Rhonda Byrne,978-2-512-33897-7,
The Godfather,Mario Puzo,978-0-542-59134-4,
Uncle Styopa ,Sergey Mikhalkov,978-0-722-55764-4,
Catching Fire,Suzanne Collins,978-4-327-61629-6,
Catching Fire,Suzanne Collins,978-4-327-61629-6,
Catching Fire,Suzanne Collins,978-4-327-61629-6
